{
  "mode": "fit",
  "method": "isotonic_regression",
  "validation_rows": 973,
  "pre_calibration_metrics": {
    "accuracy": 0.5714285714285714,
    "log_loss": 0.6742441866365729,
    "brier_score": 0.2408358834871366
  },
  "post_calibration_metrics": {
    "accuracy": 0.5765673175745119,
    "log_loss": 0.6648861651206354,
    "brier_score": 0.2368217877351726
  },
  "floor": 0.08,
  "ceiling": 0.92
}