{
  "mode": "fit",
  "method": "isotonic_regression",
  "validation_rows": 972,
  "pre_calibration_metrics": {
    "accuracy": 0.5483539094650206,
    "log_loss": 0.6824172776134323,
    "brier_score": 0.2447464690189609
  },
  "post_calibration_metrics": {
    "accuracy": 0.565843621399177,
    "log_loss": 0.67153954057633,
    "brier_score": 0.24004108199721058
  },
  "floor": 0.08,
  "ceiling": 0.92
}