{
  "mode": "isotonic",
  "validation_rows": 1186,
  "pre_calibration": {
    "accuracy": 0.5311973018549747,
    "log_loss": 0.6877371937613554,
    "brier_score": 0.24741187541631354
  },
  "post_calibration": {
    "accuracy": 0.551433389544688,
    "log_loss": 0.6783989443859514,
    "brier_score": 0.2433893770610872
  }
}